462,88015929_1870051473127422_747414757220286464_n.jpg,Zile Hram,4,2023-07-13 18:39:58.728492
463,88015929_1870051473127422_747414757220286464_n.jpg,Zile Hram,4,2023-07-13 18:39:58.728492
464,89468925_1878669692265600_3113361899551457280_n.jpg,Zile Hram,4,2023-07-13 18:39:58.782942
465,89468925_1878669692265600_3113361899551457280_n.jpg,Zile Hram,4,2023-07-13 18:39:58.782942
466,94428403_1925722907560278_1952935442106023936_n.jpg,Zile Hram,4,2023-07-13 18:39:58.790009
467,94428403_1925722907560278_1952935442106023936_n.jpg,Zile Hram,4,2023-07-13 18:39:58.790009
468,Gotik-Heder-2.jpg,Zile Hram,4,2023-07-13 18:39:58.795371
469,Gotik-Heder-2.jpg,Zile Hram,4,2023-07-13 18:39:58.795371
470,240990738_4089942011114514_3109622195363485349_n.jpg,/,7,2023-07-13 18:39:58.802215
471,240990738_4089942011114514_3109622195363485349_n.jpg,/,7,2023-07-13 18:39:58.802215
472,242246802_4145158148926233_6475286844671963125_n.jpg,/,7,2023-07-13 18:39:58.806942
473,242246802_4145158148926233_6475286844671963125_n.jpg,/,7,2023-07-13 18:39:58.806942
474,246845950_4819241171420563_7549748852016904582_n.jpg,Zile Hram,7,2023-07-13 18:39:58.811915
475,246845950_4819241171420563_7549748852016904582_n.jpg,Zile Hram,7,2023-07-13 18:39:58.811915
476,245992009_4326126187486608_5610685874284325509_n.jpg,Zile Hram,7,2023-07-13 18:39:58.816769
477,245992009_4326126187486608_5610685874284325509_n.jpg,Zile Hram,7,2023-07-13 18:39:58.816769
478,246171046_4332356856863541_8791967310141261350_n.jpg,Zile Hram,9,2023-07-13 18:39:58.824041
479,246171046_4332356856863541_8791967310141261350_n.jpg,Zile Hram,9,2023-07-13 18:39:58.824041
480,247396657_4345169005582326_3859410740049054279_n.jpg,Zile Hram,9,2023-07-13 18:39:58.828943
481,247396657_4345169005582326_3859410740049054279_n.jpg,Zile Hram,9,2023-07-13 18:39:58.828943
482,101685735_1654455941373589_6138202603281973248_n.jpg,/,11,2023-07-13 18:39:58.835079
483,101685735_1654455941373589_6138202603281973248_n.jpg,/,11,2023-07-13 18:39:58.835079
484,120812719_1772070686278780_6991262244853902117_n.jpg,/,11,2023-07-13 18:39:58.840051
485,120812719_1772070686278780_6991262244853902117_n.jpg,/,11,2023-07-13 18:39:58.840051
