480,1.jpg,Zile Hram,9,2023-07-13 18:39:58.828943
472,4.jpg,/,7,2023-07-13 18:39:58.806942
482,1.jpg,Zile Hram,11,2023-07-13 18:39:58.835079
478,6.jpg,Zile Hram,9,2023-07-13 18:39:58.824041
462,2.jpg,Zile Hram,4,2023-07-13 18:39:58.728492
464,3.jpg,Zile Hram,4,2023-07-13 18:39:58.782942
474,7.jpg,Zile Hram,7,2023-07-13 18:39:58.811915
476,5.jpg,Zile Hram,7,2023-07-13 18:39:58.816769
468,5.jpg,Zile Hram,4,2023-07-13 18:39:58.795371
466,4.jpg,Zile Hram,4,2023-07-13 18:39:58.790009
470,3.jpg,/,7,2023-07-13 18:39:58.802215
484,2.jpg,Neko Drugi,11,2023-07-13 18:39:58.840051
